user_id,matched_user_id,action,timestamp
U001,U017,0,2026-01-03
U001,U059,0,2026-03-16
U001,U050,1,2025-09-22
U001,U092,1,2025-11-23
U001,U058,0,2025-11-24
U001,U099,1,2026-07-13
U002,U082,0,2026-04-28
U002,U100,1,2026-01-22
U002,U010,0,2026-02-14
U002,U039,0,2025-12-12
U002,U011,1,2025-11-26
U002,U044,0,2026-04-07
U002,U046,0,2025-11-12
U002,U091,1,2026-01-03
U003,U044,0,2025-07-24
U003,U001,0,2025-08-14
U003,U084,0,2026-07-13
U003,U018,0,2025-07-31
U003,U013,0,2026-06-22
U003,U011,1,2025-11-05
U003,U015,0,2026-02-21
U003,U067,1,2026-03-22
U003,U006,0,2026-01-18
U004,U067,0,2025-08-04
U004,U061,0,2025-08-14
U004,U069,1,2026-05-08
U004,U038,0,2025-08-30
U004,U073,0,2026-02-09
U004,U088,0,2026-06-30
U005,U014,0,2026-06-01
U005,U089,0,2026-01-31
U005,U066,1,2026-04-19
U005,U093,0,2025-10-14
U005,U094,0,2026-01-11
U005,U021,0,2026-02-28
U005,U038,0,2026-03-08
U005,U060,0,2025-11-13
U005,U057,0,2026-02-16
U006,U031,0,2025-11-20
U006,U015,0,2026-05-06
U006,U096,0,2026-03-24
U006,U076,0,2025-08-06
U006,U054,0,2025-10-05
U006,U032,0,2025-12-27
U006,U082,1,2025-10-16
U006,U090,1,2026-01-10
U006,U009,0,2025-08-07
U006,U071,0,2026-01-03
U007,U001,1,2026-03-20
U007,U079,1,2025-09-03
U007,U043,0,2025-10-03
U007,U083,0,2025-09-08
U007,U094,1,2026-06-15
U007,U050,0,2025-11-22
U007,U027,0,2026-02-13
U007,U078,0,2026-05-19
U007,U005,1,2026-06-28
U007,U088,0,2025-11-07
U008,U058,0,2025-10-15
U008,U071,1,2025-11-27
U008,U044,0,2025-07-26
U008,U004,1,2025-12-15
U008,U021,1,2026-04-29
U009,U060,1,2025-09-05
U009,U093,0,2026-02-24
U009,U010,1,2026-01-09
U009,U052,1,2025-12-02
U009,U025,0,2026-01-13
U009,U012,1,2025-07-31
U009,U035,1,2025-08-21
U009,U056,0,2025-12-26
U010,U063,0,2025-11-27
U010,U005,1,2026-03-31
U010,U078,0,2025-09-15
U010,U086,0,2026-06-22
U010,U062,0,2026-03-15
U010,U041,0,2025-10-01
U010,U009,0,2025-10-07
U011,U056,0,2026-03-20
U011,U066,0,2026-05-03
U011,U062,0,2025-09-15
U011,U022,1,2026-05-04
U011,U057,0,2025-10-14
U011,U002,1,2026-04-19
U012,U077,1,2026-01-15
U012,U071,0,2026-03-18
U012,U082,1,2026-07-09
U012,U061,1,2026-06-21
U012,U010,1,2025-12-14
U013,U044,0,2025-11-16
U013,U094,1,2026-01-13
U013,U005,0,2026-05-23
U013,U027,0,2026-03-26
U013,U069,0,2026-06-25
U013,U003,0,2025-08-14
U013,U088,0,2025-11-25
U013,U054,0,2026-07-02
U013,U080,1,2025-11-14
U014,U070,0,2025-11-08
U014,U008,0,2025-12-02
U014,U084,1,2026-06-06
U014,U096,0,2026-05-03
U014,U043,1,2026-02-27
U014,U019,0,2025-09-21
U014,U093,0,2026-02-01
U014,U005,0,2025-09-15
U015,U013,0,2025-09-11
U015,U086,0,2025-07-23
U015,U012,1,2025-08-16
U015,U029,0,2025-10-08
U015,U031,0,2026-03-29
U015,U023,1,2026-03-23
U015,U066,0,2025-11-27
U015,U083,0,2026-05-30
U015,U042,0,2026-02-07
U016,U081,1,2026-04-30
U016,U045,0,2025-11-17
U016,U068,1,2026-06-04
U016,U050,1,2026-05-29
U016,U099,0,2026-01-08
U016,U043,1,2025-10-06
U016,U021,1,2025-10-03
U016,U087,0,2025-08-08
U016,U030,1,2026-01-17
U016,U074,0,2025-12-13
U017,U015,0,2025-09-13
U017,U090,0,2026-05-25
U017,U025,0,2026-03-31
U017,U038,0,2025-11-13
U017,U029,0,2026-05-23
U017,U011,0,2025-10-06
U017,U079,0,2026-02-25
U017,U016,0,2025-12-10
U017,U026,0,2025-09-02
U017,U064,0,2025-08-22
U018,U076,0,2025-08-15
U018,U055,0,2026-03-03
U018,U008,1,2026-02-28
U018,U058,0,2026-02-09
U018,U017,0,2026-01-19
U018,U034,1,2026-05-05
U018,U085,0,2025-12-24
U018,U038,1,2025-08-27
U018,U011,0,2026-06-01
U019,U054,0,2025-12-15
U019,U038,0,2026-04-28
U019,U075,0,2026-02-01
U019,U066,0,2025-09-30
U019,U012,0,2026-06-21
U019,U056,0,2025-09-04
U019,U085,1,2026-06-06
U019,U033,0,2025-08-13
U019,U098,0,2025-09-10
U019,U081,1,2026-02-28
U020,U073,1,2025-12-09
U020,U068,1,2025-08-04
U020,U058,0,2025-11-10
U020,U088,0,2026-02-10
U020,U075,1,2025-12-27
U020,U007,0,2026-06-19
U021,U035,1,2026-03-31
U021,U050,0,2026-03-09
U021,U029,0,2026-05-17
U021,U003,1,2025-12-09
U021,U001,0,2026-01-04
U022,U088,0,2025-08-09
U022,U079,0,2026-06-11
U022,U030,0,2026-06-26
U022,U070,0,2025-11-24
U022,U047,0,2026-02-07
U022,U082,0,2025-09-27
U022,U027,1,2025-08-24
U022,U086,0,2026-05-20
U022,U097,0,2026-02-01
U023,U003,0,2026-01-13
U023,U085,1,2026-05-24
U023,U095,0,2025-09-19
U023,U099,0,2026-06-07
U023,U018,0,2026-02-09
U023,U039,0,2026-03-26
U024,U047,1,2025-08-27
U024,U070,1,2025-10-29
U024,U017,0,2026-01-20
U024,U082,0,2025-08-21
U024,U091,0,2026-03-19
U024,U023,1,2026-03-08
U024,U018,0,2025-09-12
U025,U014,1,2025-08-30
U025,U090,1,2025-10-02
U025,U094,0,2025-11-30
U025,U045,0,2025-10-01
U025,U050,0,2025-09-01
U025,U098,0,2025-08-30
U026,U100,0,2025-11-19
U026,U061,0,2026-02-12
U026,U045,0,2025-09-18
U026,U090,1,2025-10-31
U026,U022,1,2025-11-23
U026,U005,0,2026-06-18
U026,U039,0,2026-02-21
U027,U065,0,2025-10-31
U027,U076,0,2025-09-23
U027,U002,0,2026-06-26
U027,U019,0,2025-09-28
U027,U045,0,2026-02-03
U028,U022,0,2026-06-16
U028,U062,0,2026-01-23
U028,U050,0,2026-06-04
U028,U030,0,2026-04-20
U028,U034,1,2025-07-20
U028,U056,0,2025-12-05
U028,U040,0,2025-09-08
U028,U080,0,2026-01-08
U028,U043,1,2025-12-31
U029,U044,1,2026-06-21
U029,U056,0,2025-08-20
U029,U015,0,2026-01-30
U029,U028,1,2025-08-04
U029,U027,0,2026-03-10
U029,U075,1,2025-08-15
U029,U034,0,2025-09-12
U029,U005,0,2026-01-28
U030,U014,0,2026-01-19
U030,U093,0,2025-08-16
U030,U008,0,2025-12-29
U030,U079,1,2025-07-20
U030,U020,0,2026-02-09
U031,U041,0,2026-01-30
U031,U056,0,2025-08-08
U031,U074,1,2025-08-01
U031,U030,0,2026-05-31
U031,U071,1,2025-12-13
U031,U060,0,2026-07-08
U031,U011,0,2026-04-16
U031,U043,0,2026-01-24
U031,U075,1,2025-11-11
U032,U016,0,2026-04-29
U032,U012,1,2026-05-27
U032,U091,0,2025-10-14
U032,U098,0,2025-10-21
U032,U078,1,2026-01-26
U032,U006,0,2025-09-04
U033,U037,0,2026-04-25
U033,U052,0,2025-07-28
U033,U015,0,2026-04-24
U033,U098,0,2026-06-25
U033,U036,0,2025-08-05
U033,U042,0,2025-12-02
U034,U074,1,2025-11-30
U034,U093,0,2026-03-17
U034,U049,0,2025-11-19
U034,U073,0,2026-04-09
U034,U042,0,2025-09-28
U034,U054,0,2025-11-23
U034,U095,0,2026-01-03
U034,U061,0,2025-12-15
U034,U060,0,2026-04-06
U035,U068,0,2026-06-21
U035,U086,0,2026-01-08
U035,U058,1,2026-05-26
U035,U020,0,2025-10-26
U035,U014,0,2026-02-22
U035,U015,1,2026-04-26
U035,U053,1,2025-10-28
U035,U007,1,2025-12-06
U035,U099,1,2026-03-26
U036,U083,0,2025-12-17
U036,U093,1,2025-11-02
U036,U063,0,2026-01-01
U036,U052,0,2026-01-07
U036,U030,0,2026-02-04
U036,U092,0,2025-07-17
U036,U022,0,2026-05-04
U036,U017,1,2026-02-21
U037,U006,1,2025-11-19
U037,U062,1,2026-07-15
U037,U013,1,2026-07-08
U037,U060,0,2026-05-02
U037,U030,0,2025-09-09
U037,U064,0,2026-05-22
U037,U058,0,2026-03-18
U037,U071,0,2026-06-23
U038,U014,1,2025-09-02
U038,U018,0,2026-05-22
U038,U084,1,2025-11-04
U038,U057,0,2026-07-09
U038,U034,0,2025-09-26
U038,U052,0,2026-05-05
U039,U007,1,2026-01-18
U039,U022,1,2025-12-16
U039,U036,0,2025-08-09
U039,U076,1,2026-01-14
U039,U050,1,2025-10-21
U039,U008,1,2025-10-31
U039,U046,0,2025-12-30
U040,U007,0,2026-01-07
U040,U038,0,2026-07-09
U040,U086,0,2026-06-13
U040,U051,0,2025-08-15
U040,U045,0,2025-09-23
U040,U075,0,2026-01-28
U040,U095,1,2026-01-18
U040,U028,0,2025-08-22
U041,U054,0,2025-11-14
U041,U059,0,2026-05-09
U041,U067,1,2025-11-25
U041,U083,1,2026-04-05
U041,U091,1,2026-04-06
U041,U090,0,2026-02-06
U042,U082,0,2025-10-12
U042,U053,0,2026-06-29
U042,U057,0,2026-04-11
U042,U095,0,2026-06-23
U042,U094,1,2026-01-29
U042,U004,0,2026-01-10
U042,U069,0,2025-12-25
U043,U065,0,2026-01-01
U043,U053,0,2026-04-13
U043,U066,0,2025-11-05
U043,U004,1,2025-10-25
U043,U033,0,2026-06-05
U043,U085,0,2026-06-07
U043,U051,0,2026-04-16
U043,U078,0,2026-02-03
U043,U011,1,2026-01-31
U043,U041,0,2026-02-11
U044,U038,0,2026-04-23
U044,U076,0,2026-01-19
U044,U034,1,2026-01-18
U044,U019,0,2025-12-07
U044,U087,0,2026-06-18
U044,U060,1,2025-08-25
U044,U043,0,2025-10-28
U044,U070,1,2025-08-04
U045,U008,1,2025-09-09
U045,U054,0,2025-12-05
U045,U084,1,2026-06-13
U045,U033,0,2025-08-21
U045,U032,0,2026-01-02
U045,U056,0,2026-07-01
U046,U064,0,2026-01-09
U046,U082,1,2026-06-08
U046,U048,0,2025-10-19
U046,U021,0,2026-02-07
U046,U014,0,2026-03-12
U046,U033,0,2026-07-04
U046,U060,0,2025-11-04
U046,U023,0,2025-10-03
U046,U015,1,2026-03-06
U047,U096,0,2025-09-07
U047,U095,0,2025-11-08
U047,U084,0,2026-05-09
U047,U079,0,2025-11-28
U047,U026,0,2025-07-17
U047,U037,0,2026-06-03
U047,U065,0,2026-02-04
U047,U014,0,2025-07-19
U047,U057,1,2025-10-13
U047,U021,0,2026-02-14
U048,U090,0,2025-10-30
U048,U055,0,2026-04-06
U048,U013,1,2026-03-18
U048,U017,0,2026-07-04
U048,U016,1,2025-09-27
U048,U091,0,2025-10-08
U049,U014,1,2025-12-26
U049,U047,0,2025-11-14
U049,U035,0,2025-12-20
U049,U079,0,2026-06-10
U049,U038,1,2026-02-05
U049,U080,0,2025-11-29
U050,U017,0,2025-10-08
U050,U012,0,2026-04-15
U050,U011,0,2026-05-12
U050,U019,0,2026-06-19
U050,U008,0,2025-10-25
U050,U039,0,2026-04-24
U050,U096,0,2025-07-19
U050,U029,0,2025-10-25
U051,U030,1,2025-08-26
U051,U068,0,2026-02-27
U051,U010,1,2026-02-12
U051,U003,0,2026-05-31
U051,U007,0,2026-04-22
U051,U021,0,2025-09-23
U051,U098,1,2025-08-14
U052,U023,0,2025-10-02
U052,U072,1,2026-07-03
U052,U009,1,2025-08-23
U052,U058,0,2026-03-04
U052,U026,1,2025-09-28
U052,U060,1,2025-08-24
U052,U083,1,2025-08-30
U052,U054,0,2025-08-23
U052,U080,0,2025-11-12
U053,U037,1,2026-06-10
U053,U041,0,2026-04-28
U053,U049,0,2025-11-12
U053,U016,0,2026-01-24
U053,U064,0,2026-02-07
U053,U029,0,2026-02-04
U054,U047,0,2026-05-12
U054,U009,0,2025-10-27
U054,U053,0,2026-02-04
U054,U042,1,2026-05-16
U054,U019,0,2026-03-13
U054,U008,1,2026-06-22
U054,U013,0,2026-01-02
U054,U031,0,2025-12-15
U054,U018,1,2026-04-27
U054,U077,0,2025-09-25
U055,U060,0,2026-04-27
U055,U031,0,2025-10-27
U055,U009,0,2026-02-10
U055,U081,0,2026-06-01
U055,U040,0,2025-11-01
U055,U054,0,2026-03-16
U055,U052,0,2026-01-18
U055,U016,1,2026-02-23
U055,U028,0,2025-08-17
U055,U091,0,2026-02-21
U056,U040,0,2025-12-09
U056,U046,1,2026-03-04
U056,U080,0,2025-12-23
U056,U026,0,2025-12-24
U056,U092,1,2025-10-03
U056,U100,0,2025-10-07
U056,U049,0,2026-01-01
U056,U048,0,2025-10-09
U056,U074,0,2025-09-01
U057,U049,1,2026-05-29
U057,U073,0,2026-01-25
U057,U006,0,2026-01-11
U057,U016,0,2026-04-07
U057,U037,0,2025-12-24
U057,U033,0,2026-06-24
U057,U094,1,2025-07-17
U057,U004,0,2025-11-17
U057,U081,0,2026-05-02
U057,U075,0,2025-10-27
U058,U020,0,2026-02-04
U058,U010,0,2025-09-05
U058,U089,1,2026-02-14
U058,U047,0,2025-10-31
U058,U085,0,2025-10-18
U058,U096,0,2025-10-02
U059,U084,0,2026-01-10
U059,U032,0,2026-05-22
U059,U053,0,2025-09-22
U059,U085,1,2025-07-30
U059,U029,0,2025-09-15
U059,U058,0,2025-08-16
U059,U088,1,2025-09-24
U060,U049,0,2025-09-22
U060,U016,1,2025-10-22
U060,U003,0,2025-09-03
U060,U024,0,2026-01-04
U060,U011,1,2025-08-03
U060,U097,0,2025-09-27
U060,U030,0,2026-05-22
U060,U034,0,2025-12-04
U060,U098,0,2026-05-01
U061,U003,0,2025-09-07
U061,U033,0,2026-06-16
U061,U023,1,2025-10-25
U061,U079,1,2026-02-01
U061,U098,0,2025-11-15
U061,U046,0,2026-02-07
U061,U051,0,2025-11-24
U061,U040,0,2026-01-23
U062,U098,0,2025-08-03
U062,U027,0,2025-07-28
U062,U073,1,2025-11-12
U062,U016,0,2026-03-13
U062,U040,0,2026-02-15
U062,U004,0,2026-02-15
U062,U099,1,2025-07-22
U062,U056,0,2025-07-22
U062,U050,1,2025-11-14
U063,U028,1,2026-02-27
U063,U059,0,2025-09-27
U063,U072,1,2026-01-04
U063,U047,0,2025-12-27
U063,U010,0,2026-05-04
U063,U079,0,2026-02-20
U063,U009,0,2026-06-07
U064,U042,1,2025-11-14
U064,U004,0,2025-10-15
U064,U075,0,2025-10-03
U064,U070,0,2026-05-08
U064,U051,1,2025-09-20
U064,U058,0,2026-06-22
U064,U049,0,2025-10-19
U065,U042,1,2025-12-18
U065,U054,0,2025-11-18
U065,U061,1,2026-05-08
U065,U024,1,2025-10-09
U065,U060,0,2026-04-28
U065,U017,0,2025-11-16
U066,U083,0,2026-02-20
U066,U051,1,2025-08-21
U066,U055,1,2026-06-02
U066,U070,0,2026-03-21
U066,U025,0,2026-06-28
U066,U060,0,2026-04-19
U066,U027,0,2026-04-18
U066,U080,0,2026-06-29
U067,U090,0,2026-02-19
U067,U040,1,2026-07-13
U067,U085,1,2025-09-12
U067,U024,1,2026-01-27
U067,U018,0,2025-08-23
U067,U015,0,2025-11-07
U067,U028,0,2026-05-10
U067,U008,0,2025-11-20
U068,U054,0,2026-01-29
U068,U017,0,2025-11-25
U068,U046,0,2026-04-13
U068,U051,1,2026-01-26
U068,U077,0,2025-09-30
U068,U006,0,2026-04-10
U068,U040,0,2025-08-24
U069,U061,0,2026-06-03
U069,U064,0,2026-05-30
U069,U033,0,2026-05-07
U069,U063,1,2026-03-12
U069,U098,1,2026-01-02
U069,U091,0,2026-03-03
U069,U076,0,2026-02-13
U069,U042,0,2025-09-27
U070,U062,0,2025-07-28
U070,U001,0,2025-08-10
U070,U072,1,2026-02-10
U070,U068,1,2025-07-31
U070,U089,0,2025-07-22
U071,U060,0,2026-02-16
U071,U067,0,2026-03-26
U071,U083,0,2026-05-10
U071,U039,0,2025-11-27
U071,U064,0,2025-09-10
U071,U001,0,2025-07-23
U071,U049,0,2025-11-18
U072,U030,0,2025-08-03
U072,U039,0,2026-06-06
U072,U096,0,2025-10-20
U072,U075,0,2026-06-08
U072,U050,0,2026-05-21
U072,U100,1,2025-10-10
U072,U065,0,2026-04-05
U072,U012,0,2026-05-02
U072,U021,1,2025-10-24
U073,U070,0,2025-09-22
U073,U052,0,2025-10-29
U073,U037,1,2026-06-19
U073,U078,1,2025-10-28
U073,U097,0,2025-10-02
U073,U069,1,2025-11-23
U073,U063,0,2026-02-10
U073,U081,0,2025-12-27
U074,U087,0,2025-09-24
U074,U089,1,2025-12-13
U074,U058,0,2026-06-15
U074,U053,0,2026-06-17
U074,U051,0,2026-06-12
U074,U017,0,2025-11-18
U074,U019,1,2025-12-20
U075,U085,0,2025-08-21
U075,U069,0,2026-01-07
U075,U034,0,2026-01-03
U075,U009,0,2026-01-05
U075,U010,0,2025-08-02
U075,U011,0,2025-10-14
U076,U077,1,2025-10-15
U076,U056,0,2026-05-13
U076,U069,0,2026-03-25
U076,U075,0,2026-07-06
U076,U026,0,2025-11-22
U076,U055,0,2025-10-12
U077,U027,0,2026-03-22
U077,U003,1,2026-01-21
U077,U018,0,2026-04-12
U077,U047,0,2026-05-21
U077,U010,1,2025-08-13
U077,U062,0,2026-07-09
U077,U084,0,2026-06-13
U077,U082,1,2026-06-30
U078,U062,1,2026-06-23
U078,U070,0,2026-06-25
U078,U021,0,2026-03-20
U078,U091,0,2026-06-19
U078,U037,1,2026-02-19
U078,U085,0,2025-09-26
U078,U054,0,2025-09-14
U078,U031,0,2026-02-03
U079,U054,0,2025-08-13
U079,U038,0,2025-12-18
U079,U057,0,2026-06-16
U079,U012,1,2025-09-18
U079,U031,0,2026-04-19
U079,U032,0,2025-12-11
U080,U078,1,2026-01-22
U080,U100,1,2025-08-08
U080,U014,0,2025-10-22
U080,U049,0,2025-12-16
U080,U026,0,2026-02-14
U080,U052,0,2025-10-15
U080,U070,1,2026-03-24
U080,U068,1,2025-07-20
U080,U020,1,2025-11-22
U081,U039,0,2025-12-16
U081,U001,0,2026-05-10
U081,U041,1,2026-03-09
U081,U058,0,2025-08-20
U081,U095,1,2025-11-29
U082,U045,0,2026-04-11
U082,U009,1,2026-01-05
U082,U067,0,2025-09-12
U082,U023,1,2026-06-10
U082,U053,0,2025-09-20
U082,U032,0,2025-10-04
U082,U054,0,2026-04-02
U083,U046,0,2026-07-10
U083,U082,0,2026-04-11
U083,U058,0,2026-05-18
U083,U031,0,2025-11-14
U083,U097,0,2025-07-26
U083,U063,0,2026-04-04
U083,U072,0,2026-03-17
U084,U001,0,2026-01-04
U084,U056,0,2025-08-19
U084,U031,1,2026-03-06
U084,U045,0,2025-11-05
U084,U044,0,2025-11-19
U084,U097,0,2026-02-04
U084,U085,0,2026-01-09
U084,U036,0,2026-06-24
U084,U003,0,2026-03-26
U085,U055,1,2025-10-07
U085,U096,0,2025-09-24
U085,U049,0,2026-02-16
U085,U090,0,2026-01-30
U085,U086,0,2025-09-29
U085,U060,0,2025-11-04
U085,U028,0,2025-08-01
U085,U051,0,2025-11-09
U085,U073,0,2025-08-23
U085,U015,0,2025-11-24
U086,U050,0,2025-10-11
U086,U018,1,2025-10-13
U086,U008,0,2026-06-17
U086,U046,0,2026-06-09
U086,U009,0,2025-08-09
U086,U012,1,2026-07-14
U087,U047,0,2026-03-21
U087,U007,1,2026-05-01
U087,U042,1,2025-11-01
U087,U076,0,2026-06-17
U087,U079,0,2025-08-10
U087,U019,0,2025-11-12
U087,U005,0,2026-07-09
U087,U017,1,2025-10-08
U088,U051,1,2026-02-27
U088,U091,0,2026-02-21
U088,U025,1,2025-07-25
U088,U078,0,2026-04-17
U088,U040,1,2026-05-29
U088,U033,0,2026-03-16
U088,U077,1,2025-10-21
U088,U061,0,2026-01-17
U089,U088,1,2025-12-22
U089,U008,0,2026-03-15
U089,U049,0,2026-03-24
U089,U032,0,2026-06-06
U089,U068,0,2025-08-19
U089,U007,1,2026-05-31
U089,U075,0,2026-01-05
U090,U037,1,2026-07-13
U090,U088,0,2026-06-05
U090,U100,0,2025-12-07
U090,U086,0,2026-01-29
U090,U031,0,2026-05-30
U090,U072,0,2026-06-26
U090,U084,1,2025-07-28
U090,U093,0,2025-11-16
U090,U022,1,2026-06-09
U091,U022,0,2025-10-02
U091,U088,0,2026-04-17
U091,U069,0,2026-02-06
U091,U048,1,2026-04-02
U091,U010,0,2025-07-18
U091,U036,0,2026-06-08
U091,U080,1,2025-10-02
U091,U023,0,2025-12-30
U091,U002,0,2025-10-14
U091,U062,0,2026-05-07
U092,U040,0,2026-01-21
U092,U072,1,2025-12-06
U092,U051,1,2026-06-09
U092,U067,0,2025-09-06
U092,U099,0,2025-12-26
U092,U056,0,2026-01-31
U092,U053,1,2026-02-28
U092,U044,0,2025-11-29
U092,U037,0,2026-01-16
U092,U100,0,2026-01-06
U093,U054,0,2025-08-13
U093,U003,0,2025-09-04
U093,U046,0,2026-03-13
U093,U050,0,2026-06-05
U093,U088,0,2026-01-04
U093,U081,0,2025-08-27
U093,U043,0,2025-12-30
U093,U026,0,2026-05-24
U094,U088,0,2025-12-02
U094,U061,0,2026-03-01
U094,U020,1,2026-06-03
U094,U026,0,2025-11-30
U094,U033,0,2025-10-28
U095,U033,1,2026-01-17
U095,U075,0,2025-09-15
U095,U087,0,2026-02-01
U095,U084,0,2026-07-11
U095,U021,0,2025-12-31
U095,U086,0,2025-10-04
U095,U079,0,2026-03-15
U095,U002,0,2026-04-22
U096,U079,0,2026-03-02
U096,U088,0,2025-11-07
U096,U040,1,2026-04-23
U096,U009,0,2025-12-14
U096,U077,0,2026-06-08
U096,U062,0,2026-03-13
U096,U025,0,2025-11-06
U096,U020,0,2026-04-08
U096,U010,1,2026-05-09
U096,U061,0,2025-12-27
U097,U055,1,2026-01-30
U097,U072,0,2025-12-09
U097,U100,0,2025-08-18
U097,U037,0,2026-05-09
U097,U041,0,2025-09-12
U097,U063,0,2026-04-06
U097,U036,0,2026-04-18
U098,U035,0,2025-07-27
U098,U022,0,2025-09-26
U098,U095,1,2026-02-01
U098,U049,0,2025-12-28
U098,U053,0,2025-10-02
U098,U069,0,2025-10-11
U098,U043,0,2025-10-09
U098,U059,1,2025-11-23
U099,U032,0,2026-02-18
U099,U027,0,2026-06-12
U099,U012,0,2025-12-20
U099,U082,0,2026-05-07
U099,U025,0,2026-03-16
U099,U079,0,2026-04-30
U099,U092,0,2026-01-05
U099,U100,1,2025-09-14
U099,U047,0,2025-12-24
U099,U033,0,2025-07-28
U100,U013,1,2026-01-14
U100,U098,0,2025-10-16
U100,U092,0,2026-06-04
U100,U085,1,2026-03-12
U100,U010,0,2026-01-17
U100,U079,0,2025-09-07
U100,U008,1,2025-08-21
U100,U048,0,2025-12-25
